"path","sha256"
"v2/scripts/verify-s0-04.ps1","169396B10BFA39A9B9E078B49F269C9B2203BF87175275D31D4B736E6EE22F7E"
"v2/services/catalog-service/pom.xml","662C65E485EEAC81376C11DE95542A7049F7D886A00D89729366AB4DBBB5FE20"
"v2/services/catalog-service/README.md","FC7DE373538ACC22D916FE21E952357902BFD230F3B94B3702E9ABCCEADA5D58"
"v2/services/catalog-service/src/main/java/com/clinic/v2/catalog/api/ApiErrorHandler.java","23CE0DEA7B8990C6AAD15396F5D3E26D092EFC53C5F09197AD5CECDEBC57B14C"
"v2/services/catalog-service/src/main/java/com/clinic/v2/catalog/api/ApiProblem.java","F1DDE637F191F33179C9DBE30B4E9F8BEBF6718A219D7DF2954EEEDEAD215EB4"
"v2/services/catalog-service/src/main/java/com/clinic/v2/catalog/api/CatalogController.java","F1F0F2612DF7228D5B4E7E79201A8D1F25744BDA45339B10C27E5F8DDFCD846B"
"v2/services/catalog-service/src/main/java/com/clinic/v2/catalog/api/CatalogDto.java","ACA95F98F47E3B4DED70EE46BB910CE0EB8CF2153CAFED71317FCFD995EE830E"
"v2/services/catalog-service/src/main/java/com/clinic/v2/catalog/CatalogApplication.java","4BFB00BE785FCA1848F0CEFDF00DE79C3D3C5AD98648C96B8BE95A4F4E627325"
"v2/services/catalog-service/src/main/java/com/clinic/v2/catalog/domain/BranchOffering.java","0C2BF92A4F8F1252CB9BC1BD17FAEC46ABB49E51E859FAFEE6CB7BB653ECF02A"
"v2/services/catalog-service/src/main/java/com/clinic/v2/catalog/domain/Offering.java","F09CE9AB9EA396DECBC934ACBE771C024496CD4AE3FE84A253B9F11D8B607EC9"
"v2/services/catalog-service/src/main/java/com/clinic/v2/catalog/domain/PriceVersion.java","4F209C1D72E6FDFBE4D2E2666B4AF21E134DC6BA7876E07CEAEC36F0CE66A557"
"v2/services/catalog-service/src/main/java/com/clinic/v2/catalog/repo/BranchOfferingRepository.java","DD9DD87593DD7CEAFA4D75085DFF172F8B3A294609C7A106A65F3FA84DDD2349"
"v2/services/catalog-service/src/main/java/com/clinic/v2/catalog/repo/OfferingRepository.java","2FF04B733FF17A179EE15651EAFEB67404E8A7114EDC41CC111FE07E2301115A"
"v2/services/catalog-service/src/main/java/com/clinic/v2/catalog/repo/PriceVersionRepository.java","D5CE27CB0A14B4CD84D9220E740E4BB0A07EAE34B1D6DEC699D5A257FB04FFE2"
"v2/services/catalog-service/src/main/java/com/clinic/v2/catalog/security/Actor.java","36A4C1D5254C641EE385D9B13B9D6E9FE1C214ECE4F4A481E8B1BD2283DCF20B"
"v2/services/catalog-service/src/main/java/com/clinic/v2/catalog/security/ApiAuthenticationFilter.java","3803005A33F202A8029035E8935776E85A27D6509F2257F33E6F7F28B13D4963"
"v2/services/catalog-service/src/main/java/com/clinic/v2/catalog/security/ClinicDirectoryClient.java","FF89C7635E2EC2AF25C44628FBE485EADAE144080A14965012F5AE578E755E08"
"v2/services/catalog-service/src/main/java/com/clinic/v2/catalog/security/IamAuthorizationClient.java","C461C4856F319E0020E799BEEB6E4DCA4647E069CF7F56EA7D79728B15436708"
"v2/services/catalog-service/src/main/java/com/clinic/v2/catalog/security/IdentityClient.java","572E9288FDAB989A577C543B7683A037EAF1D4EE98C369C041EE4EBBBD668FDA"
"v2/services/catalog-service/src/main/java/com/clinic/v2/catalog/security/SecurityConfiguration.java","A2EC33BF0B364192745695BFCC7234A0A56ADC1FB3E41172A0A5C99E912C3FC4"
"v2/services/catalog-service/src/main/java/com/clinic/v2/catalog/security/TenantDbContext.java","79967A25649BDBCB083156028A5D3F1E7DC97674C680769EC649F5015CCC9B8A"
"v2/services/catalog-service/src/main/java/com/clinic/v2/catalog/security/WorkloadTokenIssuer.java","EF1DB7123CEC19F90B330F70696799594F4858B06CEDF36859CAAEF3FFBDA9F8"
"v2/services/catalog-service/src/main/java/com/clinic/v2/catalog/service/CatalogService.java","B6AE880CD37CB2BF98304A9328CFC0A3906D1251FEDCEBF1E1ACC36CE65A959F"
"v2/services/catalog-service/src/main/resources/application.yml","4819DC0020606D9A4638F7A51750FAA47049898A4894CD35B8431E0E45F5BFCC"
"v2/services/catalog-service/src/main/resources/db/migration/V1__offering_price_version.sql","2CF60D2706CE481D68769CCB200EB0180A8F4728BE69522470A2098E7AF59EBD"
"v2/services/catalog-service/src/main/resources/db/migration/V2__catalog_tenant_rls.sql","6DDA5C7BF31BCA83782D2DB525490AB8EDC712074CF1404DA717211E448C8B3D"
"v2/services/catalog-service/src/main/resources/db/migration/V3__catalog_runtime_role.sql","D1806D4655893E6A02F0FD7F455D1CC25B6348AA0000B278A23A84D65147745E"
"v2/services/catalog-service/src/test/java/com/clinic/v2/catalog/CatalogExternalPostgresTest.java","5C03A3489996A8EF9CE521D06287F785CE0B264390ADF100B8A3C59CFFC82E68"
"v2/services/catalog-service/src/test/java/com/clinic/v2/catalog/service/CatalogServiceTest.java","1EA1484939A2568E10D696C3C2FD8E4103699BB57C259516A7BAC58A28264538"
"v2/services/doctor-service/pom.xml","E149342E11AFF87DA9650E17D0A74CF57CC124984FA67E29242906FAD1FDE3C4"
"v2/services/doctor-service/README.md","AB3F6051298D51946CCA3A1EAAE10D05F1A820359D897B26D14E3D97EDC234A8"
"v2/services/doctor-service/src/main/java/com/clinic/v2/doctor/api/ApiErrorHandler.java","67941F23687F0D66F1D4F6E284E7B8E62DE6C0F8F2765A98BE0927C2F8469C80"
"v2/services/doctor-service/src/main/java/com/clinic/v2/doctor/api/ApiProblem.java","935114DED24D9C997B2F6EB9349C0DDACFB83DFCE9E2114917890526FCB1DADC"
"v2/services/doctor-service/src/main/java/com/clinic/v2/doctor/api/DoctorController.java","F0CE277C1D99D432100E081073BEB8ADC3BC5A99B70978CA27D964882DD212FE"
"v2/services/doctor-service/src/main/java/com/clinic/v2/doctor/api/DoctorDto.java","4FE46C01050189EBB9E636EFDFDB5C35479E661A80627BB535708DB675C06E4B"
"v2/services/doctor-service/src/main/java/com/clinic/v2/doctor/DoctorApplication.java","8B1D7FC1BD692DF34BC39FA7E6BEEABC4B3D109D9EF4515E72313E99A42F8182"
"v2/services/doctor-service/src/main/java/com/clinic/v2/doctor/domain/DoctorAffiliation.java","955092EAC3CAD91BD88C587F207155CFCF95972D80D5A3F747E743CF59BB2A8B"
"v2/services/doctor-service/src/main/java/com/clinic/v2/doctor/domain/Practitioner.java","1F095088990EADC3FC19AB425771F4257968E72C56E2052C528A42E1EE2C6715"
"v2/services/doctor-service/src/main/java/com/clinic/v2/doctor/domain/WorkingSchedule.java","C86737BE899BB1B74C2B3F682C52C3605F10CE6B849C64EDFE2608F675FD981F"
"v2/services/doctor-service/src/main/java/com/clinic/v2/doctor/repo/DoctorAffiliationRepository.java","CE48BC1FEE426A911B6280DCC25D4E526500F9E5EA422E53208BC629CBB5BA21"
"v2/services/doctor-service/src/main/java/com/clinic/v2/doctor/repo/PractitionerRepository.java","7101877F87A2ED1C60BF3A86F7FFBF76281847A73E0D60984FA7E8D86EA59DF8"
"v2/services/doctor-service/src/main/java/com/clinic/v2/doctor/repo/WorkingScheduleRepository.java","D73803E71E0838694E1284A8792285FA96E95E2E5731DA3BB06137A1970D8B4F"
"v2/services/doctor-service/src/main/java/com/clinic/v2/doctor/security/Actor.java","39CEF8028D4F0664DA75585DF6C6AE4BC04241710995D16E5C525460DADDA7F3"
"v2/services/doctor-service/src/main/java/com/clinic/v2/doctor/security/ApiAuthenticationFilter.java","A7697A1DE1E46D68BF1CB97476E87AC4E77FCCA4E07088CD868CA0BBFDD6EAFB"
"v2/services/doctor-service/src/main/java/com/clinic/v2/doctor/security/ClinicDirectoryClient.java","B0D5E799A643B77163C8EF34776A686E8A7C00110446837EEAF93DEDB6112050"
"v2/services/doctor-service/src/main/java/com/clinic/v2/doctor/security/IamAuthorizationClient.java","8AD0C5F4CDC4ACCDABF5DF0652FDB736EC25AF8B3709363EEFB97B5FFD3B960C"
"v2/services/doctor-service/src/main/java/com/clinic/v2/doctor/security/IdentityClient.java","B5EAE142FBCD1FAE6CAA8B2321B98A6D5BC61A4766C6C4EE778C560E7D298CEF"
"v2/services/doctor-service/src/main/java/com/clinic/v2/doctor/security/SecurityConfiguration.java","D8238343959C05785BEB6D503EFD74283A5634F92912EF03B15222596B77B39E"
"v2/services/doctor-service/src/main/java/com/clinic/v2/doctor/security/TenantDbContext.java","A7412B8415D4315674F04EB1A328E691FEE27BE27D16E6011B7AA1088988344D"
"v2/services/doctor-service/src/main/java/com/clinic/v2/doctor/security/WorkloadTokenIssuer.java","1A693D9C8FDE0B98F1CEA188CDB0C6FF4066D020818A7ED30D002BA68167A150"
"v2/services/doctor-service/src/main/java/com/clinic/v2/doctor/service/DoctorService.java","2A2ECD80333A59D87BB415412E65869E2484008FBA3E7CD89BA4C7E2D4E7D662"
"v2/services/doctor-service/src/main/resources/application.yml","9B9853AC9739E0C85388D39A0AF9490DB50036AB559A24D2A8CF6F52A1337BF3"
"v2/services/doctor-service/src/main/resources/db/migration/V1__doctor_affiliation_schedule.sql","82EF3A115631881172F0EDABACAD7AEFA366F7EB40117015180328AFF8782729"
"v2/services/doctor-service/src/main/resources/db/migration/V2__doctor_tenant_rls.sql","FB7E9710F379647936D4B2C2A4CD867AD9FDE504A5402A7E18E152FAFDE96609"
"v2/services/doctor-service/src/main/resources/db/migration/V3__doctor_runtime_role.sql","1FEA3908EB8A7C8C156692C963430382B03291E8B55511E06F67A8C291FC4B96"
"v2/services/doctor-service/src/test/java/com/clinic/v2/doctor/DoctorExternalPostgresTest.java","F13E2F35E7C3DB0367D9080C55A2000135617CCC2C274E8B133134954B03AFB2"
"v2/services/doctor-service/src/test/java/com/clinic/v2/doctor/service/DoctorServiceTest.java","CF25865E190A3B37403641924656CB8894E7CBF208F3BF23A7B193419F2879D7"
