"Gap_ID","Area","V1_AS_IS","V2_requirement","Disposition","Phase","Severity","Evidence_V1","Target_ref","Upstream_dependency","Migration_impact","Proposed_validation","Evidence_status"
"G01","Identity","Global roles and JWT/refresh; no clinic membership","User membership per clinic and branch; current session/revoke","REFACTOR","S0-03","P0","backend/identity-service/src/main/resources/db/migration/V1__create_identity_tables.sql:3-35;V2__seed_roles.sql:1-7","FR-IAM-01/02/03;AT-004/035/046/049","Clinic ownership contract; OD-06","Map user/global roles into verified memberships; do not auto-grant ADMIN to all clinics","A/B membership and stale JWT/revoke tests","STATIC_ONLY"
"G02","Clinic / Platform","No clinic/branch/onboarding/publish service or tables in Maven modules","Clinic-owned branch/license/review/publication and platform ops isolation","NEW","S0-02","P0","backend/pom.xml:14-25;backend/api-gateway/src/main/resources/application.yml:25-57","FR-ORG-01/02/03/07;AT-001/002/003/048/050","OD-11; IAM clinic references","Map all legacy rows to approved clinic/branch or quarantine","Submit/review/publish/suspend/draft denied","STATIC_ONLY"
"G03","Tenancy / RLS","No clinic/branch columns, request context or RLS in scanned backend","Server-verified tenant+branch+object checks and fail-closed connection","NEW","S0-03","P0","backend/**/src/main/resources/db/migration/*.sql;backend/**/security/*.java;backend/api-gateway/src/main/resources/application.yml","FR-IAM-02/03;AT-004/026/043/049;ARCH-01/03","Clinic; Identity; DBA ADR A02","Every service-owned row requires ownership mapping and staged migrations","IDOR; reused pooled connection; mismatched branch","STATIC_ONLY"
"G04","Patient","Single patients table; user_id unique nullable; name/phone walk-in","Global identity separate from clinic patient link; guardian verified","REFACTOR","S1-02/S2-01","P0","backend/patient-service/src/main/resources/db/migration/V1__create_patient_tables.sql:1-11;V2__reception_walk_in_patients.sql:1-6","FR-IAM-04/05/06/07;AT-009/044/047","Clinic+IAM; OD-10","No blind merge by phone; preserve legacy id/code","Clinic A/B patient links; mistaken duplicate; guardian revoke","STATIC_ONLY"
"G05","Doctor","Doctor user_id unique; global specialty and weekly schedules","Multi-clinic affiliation; branch schedule/leave/capacity","REFACTOR","S0-04","P0","backend/doctor-service/src/main/resources/db/migration/V1__create_doctor_tables.sql:1-28","FR-ORG-06;FR-SCH-01;AT-005","Clinic/branch; IAM; OD-04","Legacy doctor -> practitioner + clinic affiliation with verified source","Schedule A independent of B; deny unassigned","STATIC_ONLY"
"G06","Catalog","Global medical_services / service_prices with valid date ranges","Clinic/branch offerings and effective price versions; immutable snapshot","REFACTOR","S0-04","P0","backend/catalog-service/src/main/resources/db/migration/V1__catalog_tables.sql:1-43;V2__price_period_guards.sql:1-13","FR-ORG-04;AT-016/045","Clinic/branch; OD-04","Map global service/price to tenant offering without inventing historic price","Branch price isolation; price history immutable","STATIC_ONLY"
"G07","Appointment","One doctor/date interval booking; GiST exclusion; no slot hold entity","Tenant/branch scoped capacity, hold TTL, atomic reserve/idempotency","REFACTOR","S1-03/04","P0","backend/appointment-service/src/main/resources/db/migration/V1__create_appointment_tables.sql:1-16;V2__prevent_overlapping_appointments.sql:1-15","FR-SCH-01..05;AT-006/007/053/055","S0 Clinic/Doctor/Catalog; OD-01/02/03/04","Map appointment, status, doctor, temporal history; no destructive overwrite","Capacity 1 concurrency; hold timeout; reschedule swap","STATIC_ONLY"
"G08","Encounter / Queue","reception_visit requires appointment_id NOT NULL; queue unique doctor/day","Independent visit with nullable appointment_id, branch queue and assignment","REPLACE","S2-02/03","P0","backend/appointment-service/src/main/resources/db/migration/V3__reception_visit_queue.sql:1-19;service/ReceptionQueueService.java:46-76","FR-SCH-06/07/08;FR-MED-01/02;AT-009/010/011","S0 clinic; S1 appointment; OD-04; Encounter ADR A03","Preserve old appointment_id link as optional; map ticket/status, no fictitious booking","Booked and walk-in meet visit owner; one ticket active","STATIC_ONLY"
"G09","Medical documents","Single appointment-linked medical_record DRAFT/FINAL","Encounter-linked immutable signed versions and separately released documents","REFACTOR","S3-02/04/05","P0","backend/medical-record-service/src/main/java/com/clinic/medicalrecord/entity/MedicalRecord.java:43-83;src/main/resources/db/migration/V8__medical_record_draft_lifecycle.sql:1-23","FR-MED-03/09/10/11;AT-014/015/041/061","S2 Encounter; OD-05/06","Historic signature evidence cannot be fabricated; preserve original rows/hash","Addendum, release scope and signed mutation blocked","STATIC_ONLY"
"G10","Lab orders","ORDERED→COLLECTED→PROCESSING→RESULTED→RELEASED; no distinct review state","Order/result/review separate; awaiting-results preserved overnight","REFACTOR","S3-03","P0","backend/medical-record-service/src/main/java/com/clinic/medicalrecord/controller/LabOrderController.java:26-104;entity/LabOrder.java:34-95","FR-MED-05/06/07;AT-012/013/023","Encounter; OD-07; Medical Lead","Map existing results/author and provenance; do not infer doctor review from release","Result pending review overnight; assignment and branch access","STATIC_ONLY"
"G11","Prescriptions","Draft/sign with catalog item link, appointment-based medical record","Approved mandatory fields, signed evidence/version and release","REFACTOR","S3-04","P0","backend/medical-record-service/src/main/resources/db/migration/V10__prescription_lifecycle_catalog_link.sql:1-25;controller/PrescriptionController.java","FR-MED-08/09;AT-059","OD-05; S2 Encounter","Preserve existing prescription item semantics; signed provenance only where real","Invalid sign denied; immutable signed/addendum","STATIC_ONLY"
"G12","Billing data model","Invoice one per appointment; cash-only capture/refund unique type; frozen sources","Charge/bill/payment/partial/refund/ledger/beneficiary/reconcile","REPLACE","S4-01/04","P0","backend/billing-service/src/main/java/com/clinic/billing/entity/Invoice.java:36-80;src/main/resources/db/migration/V2__cash_audit_and_payment_transactions.sql:13-28","FR-BIL-01..11;AT-017/018/021/033/064","Encounter/Catalog; OD-01/08","Preserve payment transactions and reconciliation-required legacy rows; never invent paid","Partial payment, concurrent capture, owner-specific ledger","STATIC_ONLY"
"G13","Billing cash logic","Cash payment/refund attestation with item snapshot verification","Retain idempotent audited onsite collection primitives","REUSE+REFACTOR","S4-02","P0","backend/billing-service/src/main/java/com/clinic/billing/service/impl/BillingServiceImpl.java:287-380","FR-BIL-03/07/08;AT-018/032/033","S4 bill/ledger; OD-08","Adapt to payment allocation/shift without mutating legacy evidence","Cash capture/replay and refund with actual DB locks","STATIC_ONLY"
"G14","Online payment","No gateway/provider webhook routes; cash-only transaction provider","Authenticated webhook/unknown/settlement/reversal","NEW","S4-03;S1-05 conditional","P0","backend/billing-service/src/main/java/com/clinic/billing/controller/BillingController.java:29-141;src/main/resources/db/migration/V2__cash_audit_and_payment_transactions.sql:13-28","FR-BIL-04/05/06/11;AT-029/030/031/042","OD-01/02/03; Finance/Legal; provider contract","No fake legacy gateway receipts","Signature, amount, merchant, duplicate, late callback","STATIC_ONLY"
"G15","Notification event","IN_APP V1 event and recipient UUID; outbox publishers and consumer exist","Tenant-safe, versioned non-PHI envelope; inbox/authenticated producer","REFACTOR","S0-05/S1-06","P0","backend/notification-service/src/main/java/com/clinic/notification/service/impl/NotificationEventServiceImpl.java:25-50;appointment-service/service/AppointmentNotificationPublisher.java:28-47","FR-OPS-01/02/04;AT-037/039/066","Clinic/branch ownership; gateway/event ADR","Version and rekey event/dedupe metadata, keep audit","Consumer replay, forged tenant payload, no PHI preview","STATIC_ONLY"
"G16","Audit","Scattered identity/doctor/catalog admin audits; medical audit","Tenant/branch/correlation append-only security and business audit","REFACTOR+NEW","S0-05","P0","backend/identity-service/src/main/resources/db/migration/V4__admin_audit.sql;backend/medical-record-service/src/main/java/com/clinic/medicalrecord/service/impl/MedicalAuditService.java","FR-OPS-04;AT-068","S0 tenant context; privacy retention","Do not rewrite original audit; provenance and hash","Actor, subject, action, result, clinic, branch, correlation","STATIC_ONLY"
"G17","Gateway / BFF","One generic route gateway and patient-only dashboard aggregate","Channel-aware public/workspace/platform API and context verification","REFACTOR","S0-03/S0-06","P0","backend/api-gateway/src/main/resources/application.yml:25-57;controller/DashboardController.java:14-30","FR-IAM-02/03;UX-A10/23","Clinic/IAM; ADR BFF deployment","Version V2 routes; keep V1 routed separately","No client header trusted as auth; no cross channel leak","STATIC_ONLY"
"G18","Frontend channel","Single signed-in app with global role priority","Public unauthenticated + clinic workspace + separate platform mode","REPLACE","S0-06","P0","frontend/src/app/App.tsx:141-195,202-256;utils/roles.ts:5-36","FR-PUB-01..08;FR-IAM-02;UX-A09/10/25","Clinic/IAM contracts, UX review","Preserve V1 as transitional; reuse primitives selectively","Guest landing and tenant-role switch with cache invalidation","STATIC_ONLY"
"G19","Public Search","No public listing/projection module/service or guest route","Approved published only public projection and revalidated booking","NEW","S1-01","P0","backend/pom.xml:14-25;frontend/src/app/App.tsx:141-144","FR-PUB-01/02/03;AT-003/050/051/052","Clinic approval; Doctor/Catalog; OD-11","No patient/PHI in public projection","Draft/suspended excluded, stale source recheck","STATIC_ONLY"
"G20","Patient portal release","Patient dashboard displays finalized medical records from my; no release artifact","Only released per clinic, authorized patient/guardian","REPLACE","S5-01","P0","backend/medical-record-service/src/main/java/com/clinic/medicalrecord/service/impl/MedicalRecordServiceImpl.java:247-261;frontend/src/pages/PatientDashboard.tsx:22-40","FR-PUB-07/08;AT-022/024/034","Medical release; Patient link; OD-05/06/10","Do not equate FINAL with released; preserve files/versions","Draft and signed-unreleased denied; revoke honored","STATIC_ONLY"
"G21","Runtime DB security","Single DB/user in compose; no RLS in scanned source","Per-service least privilege and tenant RLS/connection guard","REFACTOR","S0-03/S0-05","P0","docker-compose.yml:1-199;infra/postgres/init/01-create-schemas.sql:1-7","ARCH-01/03;AT-026/038","DBA/infra ADR A01/A02","Plan copy/backup, schema ownership, no V1 live table edits","GUC absent/wrong, connection pool reuse, restore","STATIC_ONLY"
"G22","Observability / backup","Prometheus, Grafana, local DB volume; no verified restore evidence","Tenant trace, PHI redaction, restore drill and service backup plan","REFACTOR","S0-05","P0","docker-compose.yml:296-339;infra/prometheus/prometheus.yml","FR-OPS-04/05;AT-038/039/068","S0 infrastructure, OD-09","No production claims or data dump during audit","Synthetic restore, redacted trace, DLQ lag","STATIC_ONLY"
"G23","V1 migration","Global IDs/code and unscoped records; paid invoice quarantine migrations","Verified old/new ID map, clinic owner, reconciliation and rollback","NEW","S0 plan;S6 rehearsal","P0","backend/appointment-service/src/main/resources/db/migration/V1__create_appointment_tables.sql:1-16;billing-service/src/main/resources/db/migration/V2__cash_audit_and_payment_transactions.sql:8-11","AT-040;ARCH-15;OD-12","Owner clinic mapping; finance/medical signoff","Quarantine ambiguous clinic/branch, preserve original signatures/money","Isolated copy row/hash/payment reconciliation","STATIC_ONLY"
"G24","Contract / API version","V1 /api routes, direct service calls with bearer header","Versioned BFF/openapi/event contracts, idempotent errors","REFACTOR","S0 contracts;S1+","P0","frontend/src/api/endpoints.ts:1-104;backend/api-gateway/src/main/resources/application.yml:25-57","ARCH-16;P05 contracts","Owners per service; ADR API path","Additive V2 version; no silent V1 breaking change","Consumer contract and schema compatibility","STATIC_ONLY"
"G25","Platform operations UI","Global admin screens share clinic operational data","Separate platform approval mode without default medical access","NEW","S0-02/S0-06","P0","frontend/src/pages/AdminDashboard.tsx:23-57;frontend/src/utils/roles.ts:5-19","FR-ORG-02/07;AT-002/026","Clinic/Identity; OD-11","Map legacy admin only when authorized by explicit role","Platform ops deny medical, clinic owner cannot approve self","STATIC_ONLY"
"G26","Test / evidence","Unit/test source exists but no current runtime E2E proof","Synthetic, cross-tenant, negative, backup, contract evidence gates","NEW","S0-05/S6","P0","backend/**/src/test/**;frontend/src/**/*.test.*","AT-001..068;ARCH-01..16;UX-A09/10/25","Owner/QA; disposable isolation","Do not infer test pass from file presence","Traceability and signed A0 evidence","NOT_RUN"
