task_id,slice,owner_role,description_and_done,references,status
P05-S0-01,S0,PO/Tech,"Audit source V1 read-only: inventory service/schema/routes/events, reuse/refactor/replace có evidence",FR toàn P0 / AT-040,IMPLEMENTED_VERIFIED_SOURCE
P05-S0-02,S0,Clinic/Platform,"Hồ sơ onboarding, review, publish/suspend, không public draft",FR-ORG-01/02/07 / AT-001/002/003/050,IMPLEMENTED_VERIFIED_SOURCE
P05-S0-03,S0,IAM/Security,"Membership đa clinic/branch, revoke, object authorization, tenant connection fail-closed",FR-IAM-01/02/03 / AT-004/025/026/035/043/049,IMPLEMENTED_VERIFIED_SOURCE
P05-S0-04,S0,Doctor/Catalog,"Affiliation, schedule, offering, price version + snapshot",FR-ORG-04/06 / AT-005/016/045,IMPLEMENTED_VERIFIED_SOURCE
P05-S0-05,S0,Platform/DevOps,"Audit trace, non-PHI event envelope, backup/recovery checklist và synthetic environment",FR-OPS-04/05 / AT-038/039/068,IMPLEMENTED_VERIFIED_SOURCE
P05-S0-06,S0,UX/QA,"Shell public/workspace, tenant indicator, loading/denied/empty states, testable contracts",UX-A09/10/25,IMPLEMENTED_VERIFIED_SOURCE
P05-S1-01,S1,Search/Clinic,Projection public versioned; draft/suspended không được đặt mới; stale projection recheck,FR-PUB-01/02/03 / AT-050/051/052,IMPLEMENTED_VERIFIED_SOURCE
P05-S1-02,S1,IAM/Patient,"Signup/login hoặc booking profile hợp lệ, patient link không nhầm cơ sở","FR-IAM-01/04, FR-PUB-05 / AT-046/047/053",IMPLEMENTED_VERIFIED_SOURCE
P05-S1-03,S1,Appointment,Availability + hold TTL + atomic capacity + idempotency,FR-SCH-01/02 / AT-005/006/007,IMPLEMENTED_VERIFIED_SOURCE
P05-S1-04,S1,Appointment/BFF,"Confirm, cancel, reschedule, audit, conflict/retry UI",FR-SCH-03/04/05 / AT-008/053/054/055,IMPLEMENTED_VERIFIED_SOURCE
P05-S1-05,S1,Billing thin-path,"**Chỉ nếu OD-01/02/03 duyệt:** deposit intent, verified webhook, late callback exception/refund path",FR-BIL-04/06/11 / AT-029/030/031/042,CONDITIONAL_BLOCKED_OD_01_02_03
P05-S1-06,S1,Notification/UX,"Booking status/pending/reminder, consent & safe copy",FR-OPS-01/02 / AT-037/066; UX-A03–06,IMPLEMENTED_VERIFIED_SOURCE
P05-S2-01,S2,Patient/Reception,"Tìm + matching suggestion, không auto merge, walk-in temporary profile",FR-IAM-05/06 / AT-009/044,IMPLEMENTED_VERIFIED_SOURCE
P05-S2-02,S2,Encounter,"Create encounter without appointment, idempotent check-in from booking","FR-SCH-06/07, FR-MED-01 / AT-009/010",IMPLEMENTED_VERIFIED_SOURCE
P05-S2-03,S2,Encounter/UX,"Queue branch/date/service point, call/skip/transfer & valid ticket codes",FR-SCH-08 / AT-011/056,IMPLEMENTED_VERIFIED_SOURCE
P05-S2-04,S2,Reception/Appointment,"Late/no-show/doctor absent exception, no silent loss/refund",FR-SCH-09 / AT-057,PARTIAL_IMPLEMENTED_VERIFIED_SOURCE
P05-S3-01,S3,Encounter/Doctor,Assigned Doctor/keyed care/overnight; Medical integration and access audit; laptop worklist continuation; qualified acceptance/reassignment/load review pending,FR-MED-01/02 / AT-011/013/028,PARTIAL_IMPLEMENTED_VERIFIED_SOURCE
P05-S3-02,S3,Medical/UX,"Clinical note draft, mandatory validation and autosave semantics reviewed",FR-MED-03/04 / AT-058,PARTIAL_IMPLEMENTED_VERIFIED_SOURCE
P05-S3-03,S3,Medical/Lab,"Order → result → review with author/versions, wait overnight preserved",FR-MED-05/06/07 / AT-012/013/023,PARTIAL_IMPLEMENTED_VERIFIED_SOURCE
P05-S3-04,S3,Medical Lead,Prescription template and doctor approval (OD-05); sign rules and addendum,FR-MED-08/09/11 / AT-014/015/041/059/061,PLANNED
P05-S3-05,S3,Medical/Portal,"Release gate separate signing, enforce patient/guardian on download","FR-MED-10, FR-PUB-07 / AT-014/022/034/060",PLANNED
P05-S4-01,S4,Billing/Catalog,"Unique charge from event, price snapshot, bill lines and approved adjustments",FR-BIL-01/02 / AT-016/017/045/062,PARTIAL_IMPLEMENTED_VERIFIED_SOURCE
P05-S4-02,S4,Billing/Cashier,"Onsite collection, partial, shift/collector, printable receipt accurately labeled",FR-BIL-03/07/09 / AT-018/033/063,PARTIAL_IMPLEMENTED_VERIFIED_SOURCE
P05-S4-03,S4,Billing/Payments,"Online verified webhook, unknown/reconcile, ledger exactly-once effects",FR-BIL-04/11 / AT-019/029/030/031,DISABLED_BY_PO_SCOPE_PENDING_POLICY
P05-S4-04,S4,Finance/Legal,"Beneficiary configurations, refund/reversal, clinic vs platform settlement",FR-BIL-05/08/10 / AT-020/021/032/064/065,DISABLED_BY_PO_SCOPE_PENDING_POLICY
P05-S5-01,S5,Patient/Portal,"My appointments/payments, released docs, revoke guardian, privacy","FR-PUB-06/07/08, FR-IAM-07 / AT-022/024/025/034",PARTIAL_IMPLEMENTED_VERIFIED_SOURCE
P05-S5-02,S5,Appointment/Medical,Follow-up plan creates **new** appointment and links prior encounter; no mutate signed old record,"FR-MED-04, FR-PUB-04/06 / AT-E2E-FOLLOWUP (new proposed)",PARTIAL_IMPLEMENTED_VERIFIED_SOURCE
P05-S5-03,S5,Notification,"Released result, reminder, payment/refund status without PHI content in preview",FR-OPS-01/02 / AT-037/066,PARTIAL_IMPLEMENTED_VERIFIED_SOURCE
P05-S5-04,S5,Clinic/Reporting,"Role-scoped dashboard and day close, pending encounter/report exception",FR-OPS-03/05 / AT-023/064/067,PARTIAL_IMPLEMENTED_VERIFIED_SOURCE
P05-S6-01,S6,QA,"E2E-ONLINE and E2E-WALKIN complete including negative/async cases, evidence and defects",Phase 02 E2E; AT-001–068,PARTIAL_IMPLEMENTED_VERIFIED_SOURCE
P05-S6-02,S6,Security/Privacy,"Authorization matrix, PHI exposure, revoke, audit, restore",AT-025–028/034–041/043/047–049/068,PARTIAL_IMPLEMENTED_VERIFIED_SOURCE
P05-S6-03,S6,SRE/Data,"Migration V1→V2 dry-run on copy, reconciliation, backup/restore and rollback rehearsal",AT-038/040/061,PARTIAL_IMPLEMENTED_VERIFIED_SOURCE
P05-S6-04,S6,PO/Medical/Finance/Legal,"Signed release decisions, unresolved risk disposition, go/no-go",GATE-A–E / ARCH-01–16,PENDING_RELEASE_SIGNOFF
